Nama Toko,Nama Produck,Harga
Panasonic lumix GH5 + Lens,https://media.karousell.com/media/photos/products/2019/10/15/172040_256901098_thumbnail_progressive_thumbnail.jpg,"Rp 23,500,000"
"Lensa Lumix Olympus Om-D 25mm 1.4 Leica F 1,4 DG Summilux Hood",https://media.karousell.com/media/photos/products/2020/12/21/lensa_lumix_olympus_omd_25mm_1_1608527891_a64c967b_progressive_thumbnail.jpg,"Rp 4,800,000"
Kamera Polaroid 636 Original Made in UK Berfungsi Normal,https://media.karousell.com/media/photos/products/2020/12/24/kamera_polaroid_636_original_m_1608801568_37443d4d_progressive_thumbnail.jpg,"Rp 650,000"
"Lensa Lumix G 15mm F1.7 DG Summilux Leica 1,7 ASPH 46mm Diameter Hood",https://media.karousell.com/media/photos/products/2020/12/21/lensa_lumix_g_15mm_f17_dg_summ_1608527380_07e0700c_progressive_thumbnail.jpg,"Rp 5,800,000"
Kamera Analog yashica j mini date,https://media.karousell.com/media/photos/products/2020/12/13/kamera_analog_yashica_j_mini_d_1607850840_d857f6a4_progressive_thumbnail.jpg,"Rp 296,000"
Kredit Nikon D7100 DSLR Camera with 18-140mm Lens,https://media.karousell.com/media/photos/products/2021/1/13/kredit_nikon_d7100_dslr_camera_1610510224_879ae2f3_progressive_thumbnail.jpg,"Rp 15,600,000"
Kamera Analog Fujifilm MDL 5 / DL 8,https://media.karousell.com/media/photos/products/2020/12/28/kamera_analog_fujifilm_mdl_5___1609131245_7d4f37aa_progressive_thumbnail.jpg,"Rp 360,000"
Baterai mavic air 2 mulus cc baru 10,https://media.karousell.com/media/photos/products/2021/1/13/baterai_mavic_air_2_mulus_cc_b_1610507724_ff301067_progressive_thumbnail.jpg,"Rp 1,000,000"
Kredit Nikon D3400 DSLR Camera with 18-55mm f3.5-5.6G VR Lens,https://media.karousell.com/media/photos/products/2021/1/13/kredit_nikon_d3400_dslr_camera_1610510142_cd2e0b08_progressive_thumbnail.jpg,"Rp 7,000,000"
Nikon D5600 DSLR Camera with 18-55mm,https://media.karousell.com/media/photos/products/2021/1/13/nikon_d5600_dslr_camera_with_1_1610510076_6b508ac6_progressive_thumbnail.jpg,"Rp 9,699,000"
Nikon 1 J5 Mirrorless Camera,https://media.karousell.com/media/photos/products/2020/7/14/nikon_1_j5_mirrorless_camera_1594704838_d3ac0164_progressive_thumbnail.jpg,"Rp 2,900,000"
Mirrorless Nikon 1 J5,https://media.karousell.com/media/photos/products/2021/1/13/mirrorless_nikon_1_j5_1610506085_4da1bb57_progressive_thumbnail.jpg,"Rp 2,500,000"
Kamera Analog AKICA BF 800,https://media.karousell.com/media/photos/products/2021/1/5/kamera_analog_akica_bf_800_1609823738_0ddcd03c_progressive_thumbnail.jpg,"Rp 195,000"
Kamera Analog Aikon A-1,https://media.karousell.com/media/photos/products/2021/1/8/kamera_analog_aikon_a1_1610117905_825f8b4c_progressive_thumbnail.jpg,"Rp 260,000"
Kamera Analog Kodak M35,https://media.karousell.com/media/photos/products/2021/1/9/kamera_analog_kodak_m35_1610221500_6b8dde93_progressive_thumbnail.jpg,"Rp 450,000"
Kamera analog,https://media.karousell.com/media/photos/products/2020/12/17/kamera_analog_1608184019_f27dcd0d_progressive_thumbnail.jpg,"Rp 450,000Rp 500,000"
Nikon D7500 DSLR Camera with 18-140mm Lens,https://media.karousell.com/media/photos/products/2021/1/13/nikon_d7500_dslr_camera_with_1_1610509998_010c544c_progressive_thumbnail.jpg,"Rp 17,299,000"
Kredit Nikon D3500 DSLR Camera with 18-55mm Lens,https://media.karousell.com/media/photos/products/2021/1/13/kredit_nikon_d3500_dslr_camera_1610509923_dd6deef9_progressive_thumbnail.jpg,"Rp 7,299,000"
Kamera Analog Fujica M1,https://media.karousell.com/media/photos/products/2021/1/8/kamera_analog_fujica_m1_1610103760_1a617e9f_progressive_thumbnail.jpg,"Rp 350,000"
Kredit Canon EOS 200D DSLR Camera with 18-55mm Lens,https://media.karousell.com/media/photos/products/2021/1/13/kredit_canon_eos_200d_dslr_cam_1610509644_48255143_progressive_thumbnail.jpg,"Rp 9,600,000"
Kredit Canon EOS 3000D Kit EF-S 18-55mm F/3.5-5.6 III,https://media.karousell.com/media/photos/products/2021/1/13/kredit_canon_eos_3000d_kit_efs_1610509558_2aecb3a7_progressive_thumbnail.jpg,"Rp 5,000,000"
Kredit Canon EOS 90D DSLR Camera with 18-55mm Lens,https://media.karousell.com/media/photos/products/2021/1/13/kredit_canon_eos_90d_dslr_came_1610509506_e318fe3e_progressive_thumbnail.jpg,"Rp 19,250,000"
