Nama Produck,Deskripsi Produck
DIJUAL BU RUMAH PRIBADI JAKARTA BARAT,"DIJUAL CEPAT RUMAH PRIBADI TANPA PERANTARA!!  LOKASI STRATEGIS KOMPLEK IMIGRASI KERTAPAWITAN CENGKARENG, JAKARTA BARAT!  Spesifikasi: ‚Ä¢LT: 103m2 ‚Ä¢LB: 90m2 ‚Ä¢SHM + IMB + PBB KOMPLIT ‚Ä¢Kamar tidur: 3 ‚Ä¢Kamar mandi: 2 ‚Ä¢Dapur: 1 (outdoor + mini taman) ‚Ä¢Free kitchen set ‚Ä¢Ruang tamu ‚Ä¢Mini taman belakang ‚Ä¢Car"
Kursi ruang tamu,Kondisi masih bagus Dijual satu set beserta meja  Bahan : kayu
DIJUAL MURAH RUMAH DEKAT BANDARA SOETTA,"Dijual Rumah MINIMALIS FULL RENOVASI DEKAT BANDARA SOETTA GOLDEN CITY SEPATAN TANGERANG dengan sebagian perabot ditinggal seperti : - spring bed  - kitchen set dengan top table granit, kompor tanam dan cooker hood - mini bar & kursi mini bar plus lampu gantung IKEA - Laundry room dengan rak IKEA & j"
Meja Kursi tamu JEPARA 1 set,"set kursi dan meja tamu bisa buat ruang keluarga jg, terdiri dari: 1 kursi panjang utk 3 seat 3 kursi masing2 1 seat 1 meja  beli di jepara. sofa dan kayu msh bagusssssssss.  Slasan jual karena jarang dipakai. pembayaran bisa via market place. JABODETABEK only via GOBOX atau klo punya langganan pick"
Vacuum cleaner deerma vc20,"Dijual vacum cleaner dengan baterai bisa di charge Kondisi 95% jamin masih mulus jarang pakai.. Minus hanya tidak ada kerdus karena pas beli ga ada tempat jadi langsung dibuang kerdusnya. Yg minat bisa langsung wa Harga nego sampai jadi"
Drawer plastik (BACA DESKRIPSI),NO NEGO HARGA! NO COD! NO FREE ONGKIR!  ukuran 19x13.5x16.5 (pxlxt) bahan plastik kondisi masih sangat bagus. no defect
Lemari Baju 2 pintu #novjajan,nett.
Kasur Galaxy Ukuran Single HARGA NETT NO NEGO,"Kasur/springbed pemakaian pribadi jalan 2 th Ukuran 100x200 Masih bagus semua sisi  Cocok, ambil sendiri"
Kitchen Set + kompor tanam bergaransi resmi,"mewah. mulus. pemakaian wajar. anti karat,anti rayap. pembuatan custom beroda jd bisa di dorong untuk dipindah2. hanya tinggal di lap kinclong kembali. masih bergaransi 25th untuk kitchen .kompor 1th. hanya melayani yg serius."
Tempat tidur anak atas bawah + prosotan dan meja belajar,"dijual murah.tempat tidur anak atas bawah + meja belajar+lemari baju dan lemari buku2.juga ada prosotan nya.dijamin ga nyesel sebab bahan nya sangat kokoh.bagian atas dinaikin org dewasa 3 org masih kuat.(ini tidak berikut kasur ya,wktu belinya dulu kasur dijual terpisah)dijual Krn dr beli sampai sk"
FORKSTIG  IKEA ELLGANT TWO TONE COLOR CHAIR IKEA CHAIR BANGKU JONGKOK SERBAGUNA BISA BUAT JINGKLIK JUGA ADA TINGGAL 2 PCS YA SAY NEW BELI KEBANYAKAN LIMITED EDITION STOCK SALE,Hi say jangan sampai kehabisan ya Ini New ada 2 stock lagi ya say beli kebanyakan bagus banget Serbaguna bangku Jongkok Ikea bisa jungklik dan taruh angkat berat juga Sale Limited Edition Stock.Dan jangan lupa follow MybeautyLook supaya gak ketinggalan update terbaru ya say.Happy sopah lookersüòò -SAL
Tumblr Lamp Lampu abjad Tumblr lamp untuk meja,"jual tumblr lamp huruf dan angka tumblr lamp meja, dinding dll"
"VOLVO CREAM TABLE RACK IKEA  MEJA  RAK 2 IN 1 ADA RAK PENYIMPANAN JUGA DALAMNYA MEJA KERJA OFFICE LAPTOP,STUDY BELAJAR,MEJA SERBAGUNA MEJA RIAS WAS BOUGHT 599  LIMITED EDITION SALE","Hi say jangan sampai kehabisan ya All Limited Edition Stock Terbatas dan SALE hanya di MybeautyLook ,Ini tinggal 2 ya say bagus ada penyimpanan juga bisa buat laptop,buat kerja belajar,buat taruh barang ada penyimpanan juga raknya 2 in 1 tinggal dibuka laci penyimpanannya,bisa buat meja rias kosmeti"
IKEA LACK meja TV minimalis Serbaguna,kondisi masih sangat bagus  mukus seperti baru
Meja makan IKEA Jual Murah (nego),"Dijual Murah(bisa nego),Meja mkn IKEA, bisa dilipat 3, free kursi 1!  Meja makan IKEA Jual Murah.   Ukuran 1 lembar papan nya = 45 cm Kalau dibuka semua = 135cm Tinggi = 75cm  pemakaian lebih kurang 1 tahun, kondisi 70% masih bagus, hanya bagian permukaan meja agak ngelotek karena cat nya mengelupas"
Furniture rumah,"saleee furnish rumah saya ada 4  item yang di jual   1.dipan kasur warna hitam air land 2.meja tv 3. meja tamu  kondisi masih ok dan prim,,kalau mau jelas bisa langsung cod saja ya terimakasih"
"LE GOLDIN LUXURY VINTAGE CABINET BOXES KERANJANG SERBAGUNA MEWAH PERALATAN TIDUR SELIMUT BANTAL,PAKAIAN,BONEKA,ALAT KANTOR ,PERALATAN DAPUR,BANTAL,SELIMUT,PERLENGKPAN MANDI DLL SERBAGUNA LIMITED EDITION SALE","Hi say jangan sampai kehabisan ya All Limited Edition Stock On SALE hanya di MybeautyLook,Ini bagus banget ya say keranjangnya serbaguna beli kebanyakan,bisa muat apa saja dan mewah banget.Jangan lupa follow MybeautyLook supaya gak ketinggalan update ya say.Happy sopah lookersüòò -SALE -FIRST PAY,FIRS"
Bed cover,msh bagus y berat 4 kg.... king sz
Bed Cover Ikea,"100% baru, tidak pernah dipakai. gress ya. sudah dilaundry, jadi bisa langsung pakai. ukuran 200x220 jual rugi"
Take over rumah cicilan 1juta.,Di Over rumah type 22/60. Cicilan cuma 1jt! Ruang tamu. Ruang keluarga Kmr tidur Dapur √∑ ruang jemur. Model rumah minimalis. ada garasi/ canopy dan taman. listrik 2200 w. Fasilitas sambungan indovision. filter/ penyaring air. water heater. Dan free kitchen set + 2 buah AC 1 PK Over credit.: 200 jt/ 
Piring rotan take all 6pcs,isi 6 only 75rb ya bund
BANTAL MEMORY FOAM 1 PCS,"- PLEASE BACA YA SHAY SETIAP BARANG PRELOVED CABALLO DE GUERRA HANYA ADA 1 PCS TIDAK AKAN READY LAGI, JD SILAKAN LGSG CHECK OUT JIKA MASIH READY OKEE üòç  - FYI BARANG YANG DIJUAL SEMUA DISINI GOOD QUALITY YA KARENA SUDAH DISORTIR ü§ó KAMI TIDAK MENJUAL YANG TIDAK LAYAK PAKAI.  - BARANG SEMUA MASIH BISA"
